case_id,conversation,expected_facet,predicted_facet_id,predicted_facet_name,expected_status,predicted_status,expected_score,predicted_score,confidence,evidence,reason,retrieval_hit,candidate_rank,latency_ms,backend_mode,inference_error,failure_category
TEST_001,I signed up for a solo skydiving trip even though I had never tried it before.,Risktaking,FACET_001,Risktaking,scored,scored,5.0,5.0,0.9,i signed up for a solo skydiving trip even though i had neve,Extracted clear conversational evidence for Risktaking.,True,1.0,26.7,MOCK,,
TEST_002,I usually double-check the consequences before I take a risky decision.,Risktaking,FACET_001,Risktaking,scored,scored,2.0,4.0,0.9,i usually double-check the consequences before i take a risk,Extracted clear conversational evidence for Risktaking.,True,2.0,23.14,MOCK,,wrong_scoring
TEST_003,He immediately believed the stranger who promised to double his money.,Naivety,FACET_002,Naivety,scored,scored,5.0,5.0,0.9,he immediately believed the stranger who promised to double ,Extracted clear conversational evidence for Naivety.,True,3.0,20.63,MOCK,,
TEST_004,I asked for proof before believing the claim.,Naivety,FACET_002,Naivety,scored,insufficient_evidence,1.0,,0.85,,Conversational text does not express sufficient evidence for trait 'Naivety'.,True,9.0,21.72,MOCK,,mock_backend_limitation
TEST_005,We voted together and chose the option supported by most of the team.,Democratic Leadership:,FACET_004,Democratic Leadership,scored,not_observable,5.0,,0.99,,"Category header or structural section label, not an individual scoreable trait.",True,1.0,0.0,MOCK,,
TEST_006,I tend to pause for a long time before making an important decision.,Hesitation,FACET_006,Hesitation,scored,scored,5.0,5.0,0.9,i tend to pause for a long time before making an important d,Extracted clear conversational evidence for Hesitation.,True,5.0,24.8,MOCK,,
TEST_007,I keep complaining that nothing at work is ever good enough.,Discontentment,FACET_007,Discontentment,scored,scored,5.0,5.0,0.9,i keep complaining that nothing at work is ever good enough.,Extracted clear conversational evidence for Discontentment.,True,3.0,23.12,MOCK,,
TEST_008,"Whenever my friend goes out, I keep checking whether they are safe.",Overprotectiveness,FACET_008,Overprotectiveness,scored,scored,5.0,4.0,0.9,"whenever my friend goes out, i keep checking whether they ar",Extracted clear conversational evidence for Overprotectiveness.,True,3.0,18.0,MOCK,,wrong_scoring
TEST_009,That was hilarious—I couldn't stop laughing for ten minutes.,Merriness,FACET_009,Merriness,scored,scored,5.0,5.0,0.9,that was hilarious—i couldn't stop laughing for ten minutes.,Extracted clear conversational evidence for Merriness.,True,20.0,18.52,MOCK,,
TEST_010,I got so emotional during the movie that I had to take a break.,Emotionalism,FACET_010,Emotionalism,scored,scored,4.0,4.0,0.9,i got so emotional during the movie that i had to take a bre,Extracted clear conversational evidence for Emotionalism.,True,4.0,22.09,MOCK,,
TEST_011,I started a course because I want to improve my Python skills.,Self-improvement,FACET_011,Self-improvement,scored,scored,5.0,5.0,0.9,i started a course because i want to improve my python skill,Extracted clear conversational evidence for Self-improvement.,True,4.0,19.48,MOCK,,
TEST_012,"The sample mean is 18.4, but the median is 12, so the distribution is probably skewed.",Statistical Reasoning,FACET_012,Statistical Reasoning,scored,scored,5.0,4.0,0.9,"the sample mean is 18.4, but the median is 12, so the distri",Extracted clear conversational evidence for Statistical Reasoning.,True,7.0,20.52,MOCK,,wrong_scoring
TEST_013,I told my teammate firmly that the deadline cannot be moved again.,Assertiveness and control in relationships,FACET_013,Assertiveness and control in relationships,scored,scored,4.0,5.0,0.9,i told my teammate firmly that the deadline cannot be moved ,Extracted clear conversational evidence for Assertiveness and control in relationships.,True,10.0,24.02,MOCK,,wrong_scoring
TEST_014,I quietly changed the plan so that the other person would agree without noticing.,Cunningness,FACET_014,Cunningness,scored,scored,5.0,4.0,0.9,i quietly changed the plan so that the other person would ag,Extracted clear conversational evidence for Cunningness.,True,7.0,49.95,MOCK,,wrong_scoring
TEST_015,Next month I want to try rock climbing and a multi-day trek.,Adventure-Seeking Behavior,FACET_015,Adventure-Seeking Behavior,scored,scored,5.0,4.0,0.9,next month i want to try rock climbing and a multi-day trek.,Extracted clear conversational evidence for Adventure-Seeking Behavior.,True,11.0,99.62,MOCK,,wrong_scoring
TEST_016,"After helping customers all day, I feel emotionally drained and have little empathy left.",Compassion Fatigue,FACET_016,Compassion Fatigue,scored,scored,5.0,4.0,0.9,"after helping customers all day, i feel emotionally drained ",Extracted clear conversational evidence for Compassion Fatigue.,True,11.0,121.78,MOCK,,wrong_scoring
TEST_017,"Everything feels gloomy lately, and I don't expect much to improve.",Moroseness,FACET_017,Moroseness,scored,scored,5.0,5.0,0.9,"everything feels gloomy lately, and i don't expect much to i",Extracted clear conversational evidence for Moroseness.,True,3.0,100.56,MOCK,,
TEST_018,I have worked mainly on database optimization for six years.,Specialist,FACET_018,Specialist,scored,scored,5.0,5.0,0.9,i have worked mainly on database optimization for six years.,Extracted clear conversational evidence for Specialist.,True,5.0,116.04,MOCK,,
TEST_019,I prefer to keep my distance at parties rather than join conversations.,Aloofness,FACET_019,Aloofness,scored,scored,5.0,4.0,0.9,i prefer to keep my distance at parties rather than join con,Extracted clear conversational evidence for Aloofness.,True,29.0,69.0,MOCK,,wrong_scoring
TEST_020,"I made a mistake, admitted it immediately, and apologized.",Genuine,FACET_020,Genuine,scored,scored,5.0,5.0,0.9,"i made a mistake, admitted it immediately, and apologized.",Extracted clear conversational evidence for Genuine.,True,3.0,72.78,MOCK,,
TEST_021,"The project failed twice, but I kept working until I found the bug.",Determinedness,FACET_021,Determinedness,scored,insufficient_evidence,5.0,,0.0,,Expected facet 'Determinedness' was not retrieved in top candidates.,False,,56.74,MOCK,,retrieval_miss
TEST_022,I returned the extra change because keeping it would be dishonest.,HonestyHumility:,FACET_022,Honesty Humility,scored,not_observable,5.0,,0.99,,"Category header or structural section label, not an individual scoreable trait.",True,1.0,0.0,MOCK,,
TEST_023,I try to learn what matters to people before building a long-term relationship with them.,Relationship Building Themes:,FACET_023,Relationship Building Themes,scored,not_observable,5.0,,0.99,,"Category header or structural section label, not an individual scoreable trait.",True,1.0,0.0,MOCK,,
TEST_024,I enjoy difficult problems even when there is no reward for solving them.,Pure Challenge,FACET_024,Pure Challenge,scored,scored,5.0,4.0,0.9,i enjoy difficult problems even when there is no reward for ,Extracted clear conversational evidence for Pure Challenge.,True,9.0,47.45,MOCK,,wrong_scoring
TEST_025,"If 3 out of 5 experiments improve, I would not call that proof without considering the sample size.",Numerical Reasoning Subcomponents:,FACET_025,Numerical Reasoning Subcomponents,scored,not_observable,5.0,,0.99,,"Category header or structural section label, not an individual scoreable trait.",True,1.0,0.0,MOCK,,
TEST_026,I am comfortable discussing an opinion that is different from mine.,Openness,FACET_026,Openness,scored,scored,5.0,4.0,0.9,i am comfortable discussing an opinion that is different fro,Extracted clear conversational evidence for Openness.,True,7.0,68.5,MOCK,,wrong_scoring
TEST_027,I trust myself to handle a difficult presentation.,SelfEsteem,FACET_027,SelfEsteem,scored,insufficient_evidence,4.0,,0.0,,Expected facet 'SelfEsteem' was not retrieved in top candidates.,False,,32.62,MOCK,,retrieval_miss
TEST_028,"I sorted the IDs 100A, 20B, 3C by the specified alphanumeric order.",Comparing alphanumeric data,FACET_028,Comparing alphanumeric data,scored,not_observable,4.0,,0.99,,Requires a standardized psychometric testing task or timed cognitive exam.,True,1.0,0.0,MOCK,,
TEST_029,I donated part of my bonus to help a colleague who was struggling.,Big-heartedness,FACET_029,Big-heartedness,scored,insufficient_evidence,5.0,,0.0,,Expected facet 'Big-heartedness' was not retrieved in top candidates.,False,,27.26,MOCK,,retrieval_miss
TEST_030,I keep checking the same lock repeatedly even after I know it is locked.,Compulsive activities,FACET_030,Compulsive activities,scored,insufficient_evidence,5.0,,0.85,,Conversational text does not express sufficient evidence for trait 'Compulsive activities'.,True,17.0,24.66,MOCK,,mock_backend_limitation
TEST_031,Calling someone stupid because they asked a basic question is disrespectful.,Disrespect,FACET_031,Disrespect,scored,scored,4.0,4.0,0.9,calling someone stupid because they asked a basic question i,Extracted clear conversational evidence for Disrespect.,True,3.0,30.01,MOCK,,
TEST_032,I do not have a laboratory result available for this value.,FSH level,FACET_032,FSH level,not_observable,not_observable,,,0.99,,"Requires biological, laboratory, or physiological measurement; unobservable from text.",True,1.0,0.0,MOCK,,
TEST_033,I tend to reflect on what I did well and what I should change.,Self Perspective,FACET_033,Self Perspective,scored,insufficient_evidence,4.0,,0.85,,Conversational text does not express sufficient evidence for trait 'Self Perspective'.,True,15.0,36.77,MOCK,,mock_backend_limitation
TEST_034,I am desperate to get this job; I would accept almost any condition.,Desperation,FACET_034,Desperation,scored,insufficient_evidence,5.0,,0.85,,Conversational text does not express sufficient evidence for trait 'Desperation'.,True,2.0,30.39,MOCK,,mock_backend_limitation
TEST_035,I like meeting new people and becoming part of a group.,Affiliation Motivation:,FACET_035,Affiliation Motivation,scored,not_observable,5.0,,0.99,,"Category header or structural section label, not an individual scoreable trait.",True,1.0,0.0,MOCK,,
TEST_036,I can explain what the femur and tibia are and where they are located.,Anatomy knowledge,FACET_036,Anatomy knowledge,scored,not_observable,4.0,,0.99,,Requires a standardized psychometric testing task or timed cognitive exam.,True,1.0,0.0,MOCK,,
TEST_037,"Fine, do whatever you want. Clearly my opinion doesn't matter anyway.",Passive-Aggressive,FACET_037,Passive-Aggressive,scored,insufficient_evidence,5.0,,0.0,,Expected facet 'Passive-Aggressive' was not retrieved in top candidates.,False,,27.97,MOCK,,retrieval_miss
TEST_038,I feel a deep spiritual emptiness that I cannot easily explain.,Presence of Spiritual Pain,FACET_038,Presence of Spiritual Pain,scored,not_observable,4.0,,0.99,,"Esoteric, ritual, or spiritual metric not objectively evaluable from standard dialogue text.",True,1.0,0.0,MOCK,,
TEST_039,I regularly organize community meals through my spiritual group.,Role of Spirituality in Community Involvement,FACET_039,Role of Spirituality in Community Involvement,scored,not_observable,5.0,,0.99,,"Esoteric, ritual, or spiritual metric not objectively evaluable from standard dialogue text.",True,1.0,0.0,MOCK,,
TEST_040,I keep my workspace organized and follow a consistent routine.,Structure,FACET_040,Structure,scored,insufficient_evidence,5.0,,0.85,,Conversational text does not express sufficient evidence for trait 'Structure'.,True,6.0,19.06,MOCK,,mock_backend_limitation
TEST_041,I chose a train instead of a car because I wanted to reduce my environmental impact.,Sustainable-transport usage,FACET_074,Sustainable-transport usage,scored,not_observable,4.0,,0.99,,"Requires objective external tracking, sensor data, or historical log verification.",True,1.0,0.0,MOCK,,
TEST_042,I waited until everyone had boarded before taking the last seat.,Chivalrousness,FACET_042,Chivalrousness,scored,insufficient_evidence,4.0,,0.0,,Expected facet 'Chivalrousness' was not retrieved in top candidates.,False,,18.89,MOCK,,retrieval_miss
TEST_043,I don't have records showing how many pilgrimages this person attended.,Pilgrimage participation count,FACET_043,Pilgrimage participation count,not_observable,not_observable,,,0.99,,"Esoteric, ritual, or spiritual metric not objectively evaluable from standard dialogue text.",True,1.0,0.0,MOCK,,
TEST_044,"When I meditate, I deliberately notice sounds, sensations, and thoughts without changing them.",Mindfulness facet: Observing,FACET_044,Mindfulness facet: Observing,scored,insufficient_evidence,5.0,,0.85,,Conversational text does not express sufficient evidence for trait 'Mindfulness facet: Observing'.,True,17.0,22.27,MOCK,,mock_backend_limitation
TEST_045,"I usually let the other person make the final decision, even when I have a preference.",Submissiveness,FACET_045,Submissiveness,scored,insufficient_evidence,4.0,,0.85,,Conversational text does not express sufficient evidence for trait 'Submissiveness'.,True,10.0,18.54,MOCK,,mock_backend_limitation
TEST_046,My current training cycle lasts twelve weeks.,Training-cycle length,FACET_046,Training-cycle length,scored,scored,5.0,4.0,0.9,my current training cycle lasts twelve weeks.,Extracted clear conversational evidence for Training-cycle length.,True,1.0,17.09,MOCK,,wrong_scoring
TEST_047,I notice quickly when someone's tone changes and I become concerned about how they feel.,Sensitiveness,FACET_047,Sensitiveness,scored,insufficient_evidence,5.0,,0.85,,Conversational text does not express sufficient evidence for trait 'Sensitiveness'.,True,7.0,19.96,MOCK,,mock_backend_limitation
TEST_048,I have been feeling anxious or irritated several times every day this week.,Negative Affect Frequency,FACET_048,Negative Affect Frequency,scored,not_observable,5.0,,0.99,,"Requires objective external tracking, sensor data, or historical log verification.",True,1.0,0.0,MOCK,,
TEST_049,I generated three different ways to solve the same problem.,Innovation and Creativity Components:,FACET_049,Innovation and Creativity Components,scored,not_observable,5.0,,0.99,,"Category header or structural section label, not an individual scoreable trait.",True,1.0,0.0,MOCK,,
TEST_050,I set a difficult target and track my progress toward it every week.,Achievement Motivation:,FACET_050,Achievement Motivation,scored,not_observable,5.0,,0.99,,"Category header or structural section label, not an individual scoreable trait.",True,1.0,0.0,MOCK,,
TEST_051,I ask teammates for feedback after most presentations.,Feedback-giving frequency,FACET_051,Feedback-giving frequency,scored,not_observable,4.0,,0.99,,"Requires objective external tracking, sensor data, or historical log verification.",True,1.0,0.0,MOCK,,
TEST_052,I do dance-cardio twice a week.,Dance-cardio sessions,FACET_052,Dance-cardio sessions,scored,not_observable,5.0,,0.9,,External system log or biographical verification required for 'Dance-cardio sessions'.,True,1.0,15.46,MOCK,,wrong_scoring
TEST_053,I was genuinely excited to start the new project.,Enthusiasm,FACET_053,Enthusiasm,scored,insufficient_evidence,5.0,,0.85,,Conversational text does not express sufficient evidence for trait 'Enthusiasm'.,True,9.0,18.46,MOCK,,mock_backend_limitation
TEST_054,"Honestly, I know the answer is wrong, but I will say it because everyone else expects it.",Psychological construct: Social Desirability tendency,FACET_054,Psychological construct: Social Desirability tendency,scored,insufficient_evidence,4.0,,0.0,,Expected facet 'Psychological construct: Social Desirability tendency' was not retrieved in top candidates.,False,,19.42,MOCK,,retrieval_miss
TEST_055,I missed the instructions because I was checking messages while the teacher was speaking.,Inattentiveness,FACET_055,Inattentiveness,scored,insufficient_evidence,5.0,,0.85,,Conversational text does not express sufficient evidence for trait 'Inattentiveness'.,True,6.0,19.14,MOCK,,mock_backend_limitation
TEST_056,I had an idea but didn't speak up because I didn't want to challenge the group.,Unassertiveness,FACET_056,Unassertiveness,scored,insufficient_evidence,5.0,,0.85,,Conversational text does not express sufficient evidence for trait 'Unassertiveness'.,True,26.0,19.45,MOCK,,mock_backend_limitation
TEST_057,I decided within five minutes after comparing the two options.,Decision-making decisiveness,FACET_057,Decision-making decisiveness,scored,insufficient_evidence,5.0,,0.85,,Conversational text does not express sufficient evidence for trait 'Decision-making decisiveness'.,True,6.0,17.9,MOCK,,mock_backend_limitation
TEST_058,"Even during a stressful week, I can explain why my daily actions still matter to my long-term goals.",Sense-of-coherence score,FACET_058,Sense-of-coherence score,scored,insufficient_evidence,4.0,,0.0,,Expected facet 'Sense-of-coherence score' was not retrieved in top candidates.,False,,19.75,MOCK,,retrieval_miss
TEST_059,I think the same rules should apply to my friend and to someone I dislike.,Justice-mindedness,FACET_059,Justice-mindedness,scored,insufficient_evidence,5.0,,0.0,,Expected facet 'Justice-mindedness' was not retrieved in top candidates.,False,,20.6,MOCK,,retrieval_miss
TEST_060,I subscribe to several paid software services.,Subscription count,FACET_060,Subscription count,scored,not_observable,4.0,,0.99,,"Requires objective external tracking, sensor data, or historical log verification.",True,1.0,0.0,MOCK,,
TEST_061,I have been feeling persistently hopeless and unable to enjoy things.,Depression Symptoms,FACET_061,Depression Symptoms,scored,not_observable,5.0,,0.99,,Clinical diagnostic construct requiring accredited psychiatric/psychometric clinical evaluation.,True,1.0,0.0,MOCK,,
TEST_062,I can mentally rotate a cube and picture how it looks from another side.,Spatial perception,FACET_062,Spatial perception,scored,not_observable,5.0,,0.99,,Requires a standardized psychometric testing task or timed cognitive exam.,True,1.0,0.0,MOCK,,
TEST_063,Can you send the file by 5 PM?,Brevity,FACET_063,Brevity,scored,insufficient_evidence,5.0,,0.0,,Expected facet 'Brevity' was not retrieved in top candidates.,False,,27.09,MOCK,,retrieval_miss
TEST_064,I label every folder and put each document in a predefined location.,Orderliness,FACET_064,Orderliness,scored,insufficient_evidence,5.0,,0.0,,Expected facet 'Orderliness' was not retrieved in top candidates.,False,,26.08,MOCK,,retrieval_miss
TEST_065,"My team includes people from several countries, and I enjoy learning from their perspectives.",Multiculturalism,FACET_065,Multiculturalism,scored,insufficient_evidence,5.0,,0.85,,Conversational text does not express sufficient evidence for trait 'Multiculturalism'.,True,5.0,33.45,MOCK,,mock_backend_limitation
TEST_066,I would take a calculated business risk if the possible upside justified it.,Creative risk-taking tendency,FACET_066,Creative risk-taking tendency,scored,scored,4.0,4.0,0.9,i would take a calculated business risk if the possible upsi,Extracted clear conversational evidence for Creative risk-taking tendency.,True,1.0,24.59,MOCK,,
TEST_067,"The manual process takes an hour, even though a script could finish it in seconds.",Inefficiency,FACET_067,Inefficiency,scored,insufficient_evidence,4.0,,0.0,,Expected facet 'Inefficiency' was not retrieved in top candidates.,False,,23.77,MOCK,,retrieval_miss
TEST_068,"I can explain what DNS, IP addresses, and HTTP do at a basic level.",Network basics,FACET_068,Network basics,scored,insufficient_evidence,4.0,,0.85,,Conversational text does not express sufficient evidence for trait 'Network basics'.,True,11.0,20.55,MOCK,,mock_backend_limitation
TEST_069,I consistently file names in alphabetical order without mixing the entries.,Alphabetical filing skills,FACET_069,Alphabetical filing skills,scored,not_observable,5.0,,0.99,,Requires a standardized psychometric testing task or timed cognitive exam.,True,1.0,0.0,MOCK,,
TEST_070,I prefer to plan my work independently and finish one task before starting another.,Work Styles,FACET_070,Work Styles,scored,scored,4.0,4.0,0.9,i prefer to plan my work independently and finish one task b,Extracted clear conversational evidence for Work Styles.,True,3.0,21.81,MOCK,,
TEST_071,"The first experiment failed, so I changed the setup and tried again.",Character strength: Perseverance,FACET_071,Character strength: Perseverance,scored,insufficient_evidence,5.0,,0.0,,Expected facet 'Character strength: Perseverance' was not retrieved in top candidates.,False,,18.65,MOCK,,retrieval_miss
TEST_072,I enjoy friendly competitions and try hard to win.,Competition,FACET_072,Competition,scored,scored,5.0,4.0,0.9,i enjoy friendly competitions and try hard to win.,Extracted clear conversational evidence for Competition.,True,4.0,17.15,MOCK,,wrong_scoring
TEST_073,"I noticed the sequence 2, 4, 8, 16 and predicted the next number.",Logical Sequence Identification,FACET_073,Logical Sequence Identification,scored,scored,5.0,4.0,0.9,"i noticed the sequence 2, 4, 8, 16 and predicted the next nu",Extracted clear conversational evidence for Logical Sequence Identification.,True,1.0,18.04,MOCK,,wrong_scoring
TEST_074,I finish my assignments before the deadline even when nobody reminds me.,Hardworking,FACET_075,Hardworking,scored,insufficient_evidence,5.0,,0.0,,Expected facet 'Hardworking' was not retrieved in top candidates.,False,,21.19,MOCK,,retrieval_miss
TEST_075,I often act on an impulse before thinking about the consequences.,Emotional-intelligence measure: Impulsiveness,FACET_076,Emotional-intelligence measure: Impulsiveness,scored,insufficient_evidence,5.0,,0.85,,Conversational text does not express sufficient evidence for trait 'Emotional-intelligence measure: Impulsiveness'.,True,26.0,18.23,MOCK,,mock_backend_limitation
TEST_076,I told my manager the truth even though I knew it might hurt my chances.,Dishonesty,FACET_077,Dishonesty,scored,insufficient_evidence,1.0,,0.85,,Conversational text does not express sufficient evidence for trait 'Dishonesty'.,True,8.0,20.9,MOCK,,mock_backend_limitation
TEST_077,I prefer claims supported by reproducible evidence rather than personal anecdotes.,Preferred epistemology,FACET_078,Preferred epistemology,scored,insufficient_evidence,5.0,,0.85,,Conversational text does not express sufficient evidence for trait 'Preferred epistemology'.,True,17.0,15.58,MOCK,,mock_backend_limitation
TEST_078,I can recognize a song from only a few seconds of its melody.,Memory for Sounds,FACET_079,Memory for Sounds,scored,insufficient_evidence,5.0,,0.85,,Conversational text does not express sufficient evidence for trait 'Memory for Sounds'.,True,11.0,14.23,MOCK,,mock_backend_limitation
TEST_079,"Even after losing, I congratulated the other team sincerely.",Sportsmanship rating,FACET_080,Sportsmanship rating,scored,insufficient_evidence,5.0,,0.85,,Conversational text does not express sufficient evidence for trait 'Sportsmanship rating'.,True,5.0,14.55,MOCK,,mock_backend_limitation
TEST_080,I avoided responsibility and insisted someone else should handle a simple task.,Immaturity,FACET_081,Immaturity,scored,insufficient_evidence,4.0,,0.0,,Expected facet 'Immaturity' was not retrieved in top candidates.,False,,21.52,MOCK,,retrieval_miss
TEST_081,I read medicine labels carefully and ask a pharmacist when instructions are unclear.,Health-literacy level,FACET_082,Health-literacy level,scored,not_observable,5.0,,0.99,,"Requires biological, laboratory, or physiological measurement; unobservable from text.",True,1.0,0.0,MOCK,,
TEST_082,"I estimated 49 × 21 as about 1,000 before calculating the exact answer.",Estimating Calculations,FACET_083,Estimating Calculations,scored,insufficient_evidence,4.0,,0.85,,Conversational text does not express sufficient evidence for trait 'Estimating Calculations'.,True,5.0,24.29,MOCK,,mock_backend_limitation
TEST_083,I have no clinical record that would justify diagnosing a sleep disorder from this conversation.,Sleep-disorder diagnosis,FACET_090,Sleep-disorder diagnosis,not_observable,not_observable,,,0.99,,"Requires biological, laboratory, or physiological measurement; unobservable from text.",True,1.0,0.0,MOCK,,
TEST_084,"I combined the customer feedback, error logs, and usage data before recommending a fix.",Synthesis of information,FACET_085,Synthesis of information,scored,insufficient_evidence,5.0,,0.0,,Expected facet 'Synthesis of information' was not retrieved in top candidates.,False,,20.77,MOCK,,retrieval_miss
TEST_085,I naturally take responsibility when a group needs someone to coordinate the work.,Leadership Potential:,FACET_086,Leadership Potential,scored,not_observable,4.0,,0.99,,"Category header or structural section label, not an individual scoreable trait.",True,1.0,0.0,MOCK,,
TEST_086,I refused to manipulate the results even though it would have made my project look better.,Ethical standards,FACET_087,Ethical standards,scored,insufficient_evidence,5.0,,0.0,,Expected facet 'Ethical standards' was not retrieved in top candidates.,False,,17.8,MOCK,,retrieval_miss
TEST_087,I was full of energy and kept encouraging everyone during the event.,High-spiritedness,FACET_088,High-spiritedness,scored,insufficient_evidence,5.0,,0.85,,Conversational text does not express sufficient evidence for trait 'High-spiritedness'.,True,23.0,20.09,MOCK,,mock_backend_limitation
TEST_088,"Before accepting the claim, I asked what evidence could disprove it.",Critical reasoning,FACET_089,Critical reasoning,scored,insufficient_evidence,5.0,,0.85,,Conversational text does not express sufficient evidence for trait 'Critical reasoning'.,True,30.0,19.77,MOCK,,mock_backend_limitation
TEST_089,"I listen carefully, repeat the main point, and ask a follow-up question.",Listening Skills Subcomponents:,FACET_091,Listening Skills Subcomponents,scored,not_observable,5.0,,0.99,,"Category header or structural section label, not an individual scoreable trait.",True,1.0,0.0,MOCK,,
TEST_090,We divided the tasks and helped each other when someone got stuck.,Collaboration,FACET_092,Collaboration,scored,insufficient_evidence,5.0,,0.85,,Conversational text does not express sufficient evidence for trait 'Collaboration'.,True,2.0,18.38,MOCK,,mock_backend_limitation
TEST_091,I can thread a needle without difficulty and control small hand movements precisely.,Precision of Movements,FACET_093,Precision of Movements,scored,scored,5.0,4.0,0.9,i can thread a needle without difficulty and control small h,Extracted clear conversational evidence for Precision of Movements.,True,1.0,19.48,MOCK,,wrong_scoring
TEST_092,I introduced myself to the entire room without feeling uncomfortable.,Social Boldness,FACET_094,Social Boldness,scored,insufficient_evidence,5.0,,0.0,,Expected facet 'Social Boldness' was not retrieved in top candidates.,False,,19.02,MOCK,,retrieval_miss
TEST_093,I can remember and repeat a sequence of spoken numbers after hearing it once.,Auditory memory,FACET_095,Auditory memory,scored,not_observable,5.0,,0.99,,Requires a standardized psychometric testing task or timed cognitive exam.,True,1.0,0.0,MOCK,,
TEST_094,"I keep my room, calendar, and files organized most of the time.",Organized lifestyle,FACET_097,Organized lifestyle,scored,scored,5.0,4.0,0.9,"i keep my room, calendar, and files organized most of the ti",Extracted clear conversational evidence for Organized lifestyle.,True,1.0,17.64,MOCK,,wrong_scoring
TEST_095,I created a checklist so everyone could participate in the discussion.,Encouraging participation,FACET_107,Encouraging participation,scored,insufficient_evidence,4.0,,0.85,,Conversational text does not express sufficient evidence for trait 'Encouraging participation'.,True,8.0,20.72,MOCK,,mock_backend_limitation
TEST_096,I insisted on following the procedure even though improvising would have been easier.,Selfcontrol,FACET_105,Selfcontrol,scored,insufficient_evidence,5.0,,0.0,,Expected facet 'Selfcontrol' was not retrieved in top candidates.,False,,16.3,MOCK,,retrieval_miss
TEST_097,I prefer choosing my own goals instead of waiting for someone to tell me what to do.,SelfDirectedness,FACET_106,SelfDirectedness,scored,insufficient_evidence,5.0,,0.0,,Expected facet 'SelfDirectedness' was not retrieved in top candidates.,False,,16.87,MOCK,,retrieval_miss
TEST_098,I missed the deadline because I kept delaying the final review.,Meeting Deadlines,FACET_109,Meeting Deadlines,scored,insufficient_evidence,1.0,,0.85,,Conversational text does not express sufficient evidence for trait 'Meeting Deadlines'.,True,6.0,15.04,MOCK,,mock_backend_limitation
TEST_099,"I cleaned the dataset, grouped the records, and calculated summary statistics.",Data Analysis,FACET_110,Data Analysis,scored,scored,5.0,4.0,0.9,"i cleaned the dataset, grouped the records, and calculated s",Extracted clear conversational evidence for Data Analysis.,True,12.0,13.81,MOCK,,wrong_scoring
TEST_100,I can adapt my explanation depending on whether I am speaking to an engineer or a customer.,Social Interaction Skills,FACET_111,Social Interaction Skills,scored,insufficient_evidence,5.0,,0.0,,Expected facet 'Social Interaction Skills' was not retrieved in top candidates.,False,,18.89,MOCK,,retrieval_miss
TEST_101,I believe I should always be the person in charge of other people's decisions.,Desire to influence others,FACET_331,Desire to influence others,scored,insufficient_evidence,5.0,,0.85,,Conversational text does not express sufficient evidence for trait 'Desire to influence others'.,True,24.0,17.68,MOCK,,mock_backend_limitation
TEST_102,I volunteer at a local food distribution program every month.,Volunteer Work,FACET_192,Volunteer Work,scored,scored,5.0,4.0,0.9,i volunteer at a local food distribution program every month,Extracted clear conversational evidence for Volunteer Work.,True,1.0,14.81,MOCK,,wrong_scoring
TEST_103,I enjoy solving abstract problems and learning difficult technical concepts.,Intellect,FACET_193,Intellect,scored,insufficient_evidence,5.0,,0.85,,Conversational text does not express sufficient evidence for trait 'Intellect'.,True,30.0,20.16,MOCK,,mock_backend_limitation
TEST_104,I used a formula to calculate the area instead of guessing.,Use of Mathematical Formulas,FACET_194,Use of Mathematical Formulas,scored,insufficient_evidence,5.0,,0.85,,Conversational text does not express sufficient evidence for trait 'Use of Mathematical Formulas'.,True,16.0,19.56,MOCK,,mock_backend_limitation
TEST_105,I spoke harshly to the waiter because my order was late.,Coarseness,FACET_195,Coarseness,scored,insufficient_evidence,4.0,,0.85,,Conversational text does not express sufficient evidence for trait 'Coarseness'.,True,26.0,20.2,MOCK,,mock_backend_limitation
TEST_106,I notice when I am becoming angry and deliberately slow down before replying.,Managing emotions,FACET_286,Managing emotions,scored,insufficient_evidence,5.0,,0.0,,Expected facet 'Managing emotions' was not retrieved in top candidates.,False,,32.4,MOCK,,retrieval_miss
TEST_107,I usually give people the benefit of the doubt until I have evidence otherwise.,Trust in others,FACET_364,Trust in others,scored,insufficient_evidence,5.0,,0.85,,Conversational text does not express sufficient evidence for trait 'Trust in others'.,True,27.0,23.16,MOCK,,mock_backend_limitation
TEST_108,I was comfortable telling my teammate that I was worried about the project.,Comfort with Vulnerability,FACET_368,Comfort with Vulnerability,scored,scored,5.0,4.0,0.9,i was comfortable telling my teammate that i was worried abo,Extracted clear conversational evidence for Comfort with Vulnerability.,True,28.0,15.74,MOCK,,wrong_scoring
TEST_109,I often make jokes that are intentionally strange or unconventional.,Quirkiness,FACET_378,Quirkiness,scored,insufficient_evidence,4.0,,0.0,,Expected facet 'Quirkiness' was not retrieved in top candidates.,False,,16.88,MOCK,,retrieval_miss
TEST_110,"When my first solution failed, I used the failure to design a better second approach.",Creative resilience,FACET_379,Creative resilience,scored,insufficient_evidence,5.0,,0.0,,Expected facet 'Creative resilience' was not retrieved in top candidates.,False,,15.02,MOCK,,retrieval_miss
TEST_111,I can process a long list of simple comparisons quickly without losing track.,Rapid cognitive processing,FACET_380,Rapid cognitive processing,scored,insufficient_evidence,4.0,,0.85,,Conversational text does not express sufficient evidence for trait 'Rapid cognitive processing'.,True,25.0,15.84,MOCK,,mock_backend_limitation
TEST_112,I greet new coworkers warmly and try to make them feel comfortable.,Cordiality,FACET_381,Cordiality,scored,insufficient_evidence,5.0,,0.0,,Expected facet 'Cordiality' was not retrieved in top candidates.,False,,15.05,MOCK,,retrieval_miss
TEST_113,I use walking meditation rather than sitting meditation because movement helps me focus.,Types of Mindfulness Techniques Used,FACET_382,Types of Mindfulness Techniques Used,scored,insufficient_evidence,4.0,,0.85,,Conversational text does not express sufficient evidence for trait 'Types of Mindfulness Techniques Used'.,True,25.0,18.88,MOCK,,mock_backend_limitation
TEST_114,"I compared opportunity cost, incentives, and scarcity before choosing between the two options.",Economic reasoning,FACET_383,Economic reasoning,scored,insufficient_evidence,5.0,,0.85,,Conversational text does not express sufficient evidence for trait 'Economic reasoning'.,True,15.0,16.43,MOCK,,mock_backend_limitation
TEST_115,I followed the group's decision even though I privately disagreed with it.,Conformity,FACET_384,Conformity,scored,insufficient_evidence,4.0,,0.0,,Expected facet 'Conformity' was not retrieved in top candidates.,False,,15.08,MOCK,,retrieval_miss
TEST_116,I spend time teaching my dog new enrichment games.,Pet-enrichment activities count,FACET_385,Pet-enrichment activities count,scored,not_observable,5.0,,0.99,,"Requires objective external tracking, sensor data, or historical log verification.",True,1.0,0.0,MOCK,,
TEST_117,I often stop to notice the composition and lighting in paintings.,Aesthetic Appreciation,FACET_223,Aesthetic Appreciation,scored,insufficient_evidence,5.0,,0.85,,Conversational text does not express sufficient evidence for trait 'Aesthetic Appreciation'.,True,14.0,13.16,MOCK,,mock_backend_limitation
TEST_118,"When I am stressed, I prefer someone to listen rather than immediately give me a solution.",Type of Support Preferred (Emotional vs. Practical),FACET_387,Type of Support Preferred (Emotional vs. Practical),scored,insufficient_evidence,5.0,,0.0,,Expected facet 'Type of Support Preferred (Emotional vs. Practical)' was not retrieved in top candidates.,False,,15.89,MOCK,,retrieval_miss
TEST_119,I can calculate simple percentages mentally without writing them down.,Mental Arithmetic Speed,FACET_388,Mental Arithmetic Speed,scored,not_observable,4.0,,0.99,,Requires a standardized psychometric testing task or timed cognitive exam.,True,1.0,0.0,MOCK,,
TEST_120,"When someone annoys me, I can usually stay calm instead of snapping.",Patience: Resistance to anger,FACET_389,Patience: Resistance to anger,scored,insufficient_evidence,5.0,,0.0,,Expected facet 'Patience: Resistance to anger' was not retrieved in top candidates.,False,,20.07,MOCK,,retrieval_miss
TEST_121,I spend too much time trying to make every small detail flawless.,Flawlessness,FACET_390,Flawlessness,scored,insufficient_evidence,5.0,,0.0,,Expected facet 'Flawlessness' was not retrieved in top candidates.,False,,16.76,MOCK,,retrieval_miss
TEST_122,I believe I can learn the skills needed to build this project.,Self-Efficacy,FACET_391,Self-Efficacy,scored,insufficient_evidence,5.0,,0.0,,Expected facet 'Self-Efficacy' was not retrieved in top candidates.,False,,18.84,MOCK,,retrieval_miss
TEST_123,I can write a small Python script to read a CSV and transform its columns.,Computer Skills:,FACET_392,Computer Skills,scored,not_observable,4.0,,0.99,,"Category header or structural section label, not an individual scoreable trait.",True,1.0,0.0,MOCK,,
TEST_124,I checked the spelling of the report before submitting it.,Spelling Accuracy,FACET_394,Spelling Accuracy,scored,not_observable,5.0,,0.99,,Requires a standardized psychometric testing task or timed cognitive exam.,True,1.0,0.0,MOCK,,
TEST_125,I keep a consistent bedtime and wake up at roughly the same time each day.,Wake-time consistency,FACET_350,Wake-time consistency,scored,not_observable,5.0,,0.99,,"Requires objective external tracking, sensor data, or historical log verification.",True,1.0,0.0,MOCK,,
TEST_126,I recover quickly after a stressful event and return to my normal routine.,Stress Recovery Ability,FACET_358,Stress Recovery Ability,scored,scored,5.0,4.0,0.9,i recover quickly after a stressful event and return to my n,Extracted clear conversational evidence for Stress Recovery Ability.,True,20.0,17.12,MOCK,,wrong_scoring
TEST_127,I can usually troubleshoot a technical problem by isolating variables and checking logs.,Troubleshooting technical issues,FACET_359,Troubleshooting technical issues,scored,scored,5.0,4.0,0.9,i can usually troubleshoot a technical problem by isolating ,Extracted clear conversational evidence for Troubleshooting technical issues.,True,1.0,15.35,MOCK,,wrong_scoring
TEST_128,"I don't have access to this person's IQ test result, so I cannot infer their IQ from this sentence.",Intelligence Quotient (IQ),FACET_295,Intelligence Quotient (IQ),not_observable,not_observable,,,0.99,,Requires a standardized psychometric testing task or timed cognitive exam.,True,1.0,0.0,MOCK,,
TEST_129,I do not have medical records showing whether this person has sleep apnea.,Sleep Apnea,FACET_338,Sleep Apnea,not_observable,not_observable,,,0.99,,"Requires biological, laboratory, or physiological measurement; unobservable from text.",True,1.0,0.0,MOCK,,
TEST_130,My passport contains stamps from several countries.,Passport-stamps count,FACET_239,Passport-stamps count,scored,not_observable,4.0,,0.99,,"Requires objective external tracking, sensor data, or historical log verification.",True,1.0,0.0,MOCK,,
TEST_131,I take public transport for most of my weekly commute.,Public-transport km/week,FACET_270,Public-transport km/week,scored,not_observable,4.0,,0.99,,"Requires objective external tracking, sensor data, or historical log verification.",True,1.0,0.0,MOCK,,
TEST_132,I go outside for about two hours most days.,Time outdoors/day (h),FACET_341,Time outdoors/day (h),scored,not_observable,5.0,,0.99,,"Requires objective external tracking, sensor data, or historical log verification.",True,1.0,0.0,MOCK,,
TEST_133,I usually cook dinner at home instead of ordering food.,Preference for Home-Cooked vs Restaurant Meals,FACET_244,Preference for Home-Cooked vs Restaurant Meals,scored,scored,5.0,4.0,0.9,i usually cook dinner at home instead of ordering food.,Extracted clear conversational evidence for Preference for Home-Cooked vs Restaurant Meals.,True,1.0,14.69,MOCK,,wrong_scoring
TEST_134,I skip breakfast on most weekdays.,Breakfast-skipping frequency,FACET_324,Breakfast-skipping frequency,scored,not_observable,5.0,,0.99,,"Requires objective external tracking, sensor data, or historical log verification.",True,1.0,0.0,MOCK,,
TEST_135,I eat packaged snacks several times every day.,Snacking Behavior,FACET_312,Snacking Behavior,scored,not_observable,5.0,,0.99,,"Requires objective external tracking, sensor data, or historical log verification.",True,1.0,0.0,MOCK,,
TEST_136,I rarely eat processed food and usually choose fresh ingredients.,Processed-food frequency,FACET_399,Processed-food frequency,scored,not_observable,1.0,,0.99,,"Requires objective external tracking, sensor data, or historical log verification.",True,1.0,0.0,MOCK,,
TEST_137,I enjoy visiting museums whenever I travel to a new city.,Museum visits/year,FACET_327,Museum visits/year,scored,not_observable,5.0,,0.99,,"Requires objective external tracking, sensor data, or historical log verification.",True,1.0,0.0,MOCK,,
TEST_138,I have attended choir rehearsals for three years.,Choir participation years,FACET_328,Choir participation years,scored,not_observable,5.0,,0.99,,"Requires objective external tracking, sensor data, or historical log verification.",True,1.0,0.0,MOCK,,
TEST_139,I can delegate tasks by matching them to each person's strengths.,Delegation Ability,FACET_329,Delegation Ability,scored,insufficient_evidence,5.0,,0.85,,Conversational text does not express sufficient evidence for trait 'Delegation Ability'.,True,23.0,14.27,MOCK,,mock_backend_limitation
TEST_140,I stay calm and collected when several things go wrong at once.,Collectedness,FACET_282,Collectedness,scored,insufficient_evidence,5.0,,0.85,,Conversational text does not express sufficient evidence for trait 'Collectedness'.,True,7.0,15.56,MOCK,,mock_backend_limitation
TEST_141,I prefer to consider the surrounding circumstances before judging someone's action.,Reliance on context,FACET_283,Reliance on context,scored,insufficient_evidence,5.0,,0.0,,Expected facet 'Reliance on context' was not retrieved in top candidates.,False,,16.25,MOCK,,retrieval_miss
TEST_142,I am willing to compromise when both sides can gain something.,Tendency Toward Compromise or Confrontation,FACET_278,Tendency Toward Compromise or Confrontation,scored,scored,5.0,4.0,0.9,i am willing to compromise when both sides can gain somethin,Extracted clear conversational evidence for Tendency Toward Compromise or Confrontation.,True,1.0,17.01,MOCK,,wrong_scoring
TEST_143,I take the initiative instead of waiting for someone to assign the task.,Initiative,FACET_255,Initiative,scored,scored,5.0,4.0,0.9,i take the initiative instead of waiting for someone to assi,Extracted clear conversational evidence for Initiative.,True,1.0,17.73,MOCK,,wrong_scoring
TEST_144,"I was scared of the height, but I still completed the climbing exercise safely.",Bravery,FACET_160,Bravery,scored,insufficient_evidence,4.0,,0.85,,Conversational text does not express sufficient evidence for trait 'Bravery'.,True,4.0,17.77,MOCK,,mock_backend_limitation
TEST_145,I tend to avoid situations because I fear physical danger.,Fearfulness: Fear of physical dangers,FACET_267,Fearfulness: Fear of physical dangers,scored,scored,5.0,4.0,0.9,i tend to avoid situations because i fear physical danger.,Extracted clear conversational evidence for Fearfulness: Fear of physical dangers.,True,1.0,16.67,MOCK,,wrong_scoring
TEST_146,I speak frequently in group discussions and rarely stay silent.,Talkativeness,FACET_263,Talkativeness,scored,insufficient_evidence,5.0,,0.85,,Conversational text does not express sufficient evidence for trait 'Talkativeness'.,True,23.0,16.32,MOCK,,mock_backend_limitation
TEST_147,I try to make sure everyone receives a fair share of the resources.,Equitableness,FACET_264,Equitableness,scored,insufficient_evidence,5.0,,0.85,,Conversational text does not express sufficient evidence for trait 'Equitableness'.,True,7.0,15.37,MOCK,,mock_backend_limitation
TEST_148,I generated twelve possible product ideas during a one-hour brainstorming session.,Ideas generated/day,FACET_265,Ideas generated/day,scored,scored,5.0,4.0,0.9,i generated twelve possible product ideas during a one-hour ,Extracted clear conversational evidence for Ideas generated/day.,True,1.0,14.65,MOCK,,wrong_scoring
TEST_149,My proposed solution was different from the standard approach used by the team.,Originality,FACET_266,Originality,scored,insufficient_evidence,5.0,,0.0,,Expected facet 'Originality' was not retrieved in top candidates.,False,,19.36,MOCK,,retrieval_miss
TEST_150,I apologized directly instead of making excuses for my mistake.,Frankness,FACET_187,Frankness,scored,insufficient_evidence,5.0,,0.0,,Expected facet 'Frankness' was not retrieved in top candidates.,False,,12.16,MOCK,,retrieval_miss
